"DESCRIPTION","DURATION IN MS","NAME","PARENT SUITE","START TIME","STATUS","STOP TIME","SUB SUITE","SUITE","TEST CLASS","TEST METHOD"
"","1112","Verify ""Push notification system"" in ""Mobile Application"" (To Do)","Firefox","Sun Sep 21 15:26:11 CDT 2025","passed","Sun Sep 21 15:26:12 CDT 2025","","demoApp.spec.js","",""
"","4054","Verify ""Implement user authentication"" in ""Web Application"" (To Do)","Chromium","Sun Sep 21 15:26:05 CDT 2025","passed","Sun Sep 21 15:26:09 CDT 2025","","demoApp.spec.js","",""
"","1432","Verify ""Fix navigation bug"" in ""Web Application"" (To Do)","Safari","Sun Sep 21 15:26:08 CDT 2025","passed","Sun Sep 21 15:26:09 CDT 2025","","demoApp.spec.js","",""
"","1106","Verify ""Fix navigation bug"" in ""Web Application"" (To Do)","Firefox","Sun Sep 21 15:26:08 CDT 2025","passed","Sun Sep 21 15:26:10 CDT 2025","","demoApp.spec.js","",""
"","2355","Verify ""Implement user authentication"" in ""Web Application"" (To Do)","Firefox","Sun Sep 21 15:26:05 CDT 2025","passed","Sun Sep 21 15:26:08 CDT 2025","","demoApp.spec.js","",""
"","1053","Verify ""Design system updates"" in ""Web Application"" (In Progress)","Chromium","Sun Sep 21 15:26:12 CDT 2025","passed","Sun Sep 21 15:26:13 CDT 2025","","demoApp.spec.js","",""
"","1604","Verify ""Offline mode"" in ""Mobile Application"" (In Progress)","Firefox","Sun Sep 21 15:26:12 CDT 2025","passed","Sun Sep 21 15:26:14 CDT 2025","","demoApp.spec.js","",""
"","1659","Verify ""App icon design"" in ""Mobile Application"" (Done)","Firefox","Sun Sep 21 15:26:14 CDT 2025","passed","Sun Sep 21 15:26:16 CDT 2025","","demoApp.spec.js","",""
"","1039","Verify ""Offline mode"" in ""Mobile Application"" (In Progress)","Chromium","Sun Sep 21 15:26:14 CDT 2025","passed","Sun Sep 21 15:26:15 CDT 2025","","demoApp.spec.js","",""
"","2004","Verify ""Implement user authentication"" in ""Web Application"" (To Do)","Safari","Sun Sep 21 15:26:05 CDT 2025","passed","Sun Sep 21 15:26:07 CDT 2025","","demoApp.spec.js","",""
"","1453","Verify ""Design system updates"" in ""Web Application"" (In Progress)","Safari","Sun Sep 21 15:26:09 CDT 2025","passed","Sun Sep 21 15:26:11 CDT 2025","","demoApp.spec.js","",""
"","1042","Verify ""Push notification system"" in ""Mobile Application"" (To Do)","Chromium","Sun Sep 21 15:26:13 CDT 2025","passed","Sun Sep 21 15:26:14 CDT 2025","","demoApp.spec.js","",""
"","1604","Verify ""Push notification system"" in ""Mobile Application"" (To Do)","Safari","Sun Sep 21 15:26:11 CDT 2025","passed","Sun Sep 21 15:26:12 CDT 2025","","demoApp.spec.js","",""
"","1726","Verify ""Offline mode"" in ""Mobile Application"" (In Progress)","Safari","Sun Sep 21 15:26:12 CDT 2025","passed","Sun Sep 21 15:26:14 CDT 2025","","demoApp.spec.js","",""
"","1055","Verify ""App icon design"" in ""Mobile Application"" (Done)","Chromium","Sun Sep 21 15:26:15 CDT 2025","passed","Sun Sep 21 15:26:16 CDT 2025","","demoApp.spec.js","",""
"","936","Verify ""Fix navigation bug"" in ""Web Application"" (To Do)","Chromium","Sun Sep 21 15:26:11 CDT 2025","passed","Sun Sep 21 15:26:12 CDT 2025","","demoApp.spec.js","",""
"","1703","Verify ""App icon design"" in ""Mobile Application"" (Done)","Safari","Sun Sep 21 15:26:14 CDT 2025","passed","Sun Sep 21 15:26:16 CDT 2025","","demoApp.spec.js","",""
"","1349","Verify ""Design system updates"" in ""Web Application"" (In Progress)","Firefox","Sun Sep 21 15:26:10 CDT 2025","passed","Sun Sep 21 15:26:11 CDT 2025","","demoApp.spec.js","",""
